time,Vc_dt_c,Vc_reel_c,ecart_c,Vc_dt_d,Vc_reel_d,v_alt_pb,Vc_dt_pb,v_alt_ph,Vr_dt
0.000000;0.020000;0.000000;0.000000;1.980000;2.000000;0.000000;0.000000;0.000000;0.000000
0.010000;0.039800;0.019900;-0.000100;1.960200;1.980100;0.374763;0.374763;0.374763;0.000000
0.020000;0.059402;0.039603;-0.000197;1.940598;1.960397;0.736249;0.736249;0.736249;0.000000
0.030000;0.078808;0.059109;-0.000293;1.921192;1.940891;1.071654;1.071654;1.071654;0.000000
0.040000;0.098020;0.078421;-0.000387;1.901980;1.921579;1.369094;1.369094;1.369094;0.000000
0.050000;0.117040;0.097541;-0.000479;1.882960;1.902459;1.618034;1.618034;1.618034;0.000000
0.060000;0.135869;0.116471;-0.000569;1.864131;1.883529;1.809654;1.809654;1.809654;0.000000
0.070000;0.154511;0.135212;-0.000657;1.845489;1.864788;1.937166;1.937166;1.937166;0.000000
0.080000;0.172966;0.153767;-0.000743;1.827034;1.846233;1.996053;1.996053;1.996053;0.000000
0.090000;0.191236;0.172138;-0.000828;1.808764;1.827862;1.984229;1.984229;1.984229;0.000000
0.100000;0.209323;0.190325;-0.000911;1.790677;1.809675;1.902113;1.902113;1.902113;0.000000
0.110000;0.227230;0.208332;-0.000992;1.772770;1.791668;1.752613;1.752613;1.752613;0.000000
0.120000;0.244958;0.226159;-0.001071;1.755042;1.773841;1.541026;1.541026;1.541026;0.000000
0.130000;0.262508;0.243809;-0.001149;1.737492;1.756191;1.274848;1.274848;1.274848;0.000000
0.140000;0.279883;0.261284;-0.001225;1.720117;1.738716;0.963507;0.963507;0.963507;0.000000
0.150000;0.297084;0.278584;-0.001299;1.702916;1.721416;0.618033;0.618033;0.618033;0.000000
0.160000;0.314114;0.295712;-0.001372;1.685886;1.704288;0.250666;0.250666;0.250666;-0.000000
0.170000;0.330972;0.312670;-0.001443;1.669028;1.687330;-0.125582;-0.125582;-0.125582;-0.000000
0.180000;0.347663;0.329460;-0.001513;1.652337;1.670540;-0.497380;-0.497380;-0.497380;-0.000000
0.190000;0.364186;0.346082;-0.001581;1.635814;1.653918;-0.851559;-0.851559;-0.851559;0.000000
0.200000;0.380544;0.362538;-0.001648;1.619456;1.637462;-1.175571;-1.175571;-1.175571;0.000000
0.210000;0.396739;0.378832;-0.001713;1.603261;1.621168;-1.457938;-1.457938;-1.457938;0.000000
0.220000;0.412771;0.394962;-0.001776;1.587229;1.605038;-1.688656;-1.688656;-1.688656;0.000000
0.230000;0.428644;0.410933;-0.001839;1.571356;1.589067;-1.859553;-1.859553;-1.859553;0.000000
0.240000;0.444357;0.426744;-0.001899;1.555643;1.573256;-1.964575;-1.964575;-1.964575;0.000000
0.250000;0.459914;0.442398;-0.001959;1.540086;1.557602;-2.000000;-2.000000;-2.000000;0.000000
0.260000;0.475315;0.457897;-0.002017;1.524685;1.542103;-1.964574;-1.964574;-1.964574;0.000000
0.270000;0.490561;0.473241;-0.002074;1.509439;1.526759;-1.859553;-1.859553;-1.859553;0.000000
0.280000;0.505656;0.488433;-0.002129;1.494344;1.511567;-1.688655;-1.688655;-1.688655;0.000000
0.290000;0.520599;0.503473;-0.002183;1.479401;1.496527;-1.457936;-1.457936;-1.457936;0.000000
0.300000;0.535393;0.518364;-0.002236;1.464607;1.481636;-1.175569;-1.175569;-1.175569;0.000000
0.310000;0.550039;0.533106;-0.002287;1.449961;1.466894;-0.851557;-0.851557;-0.851557;0.000000
0.320000;0.564539;0.547702;-0.002337;1.435461;1.452298;-0.497378;-0.497378;-0.497378;0.000000
0.330000;0.578894;0.562153;-0.002386;1.421106;1.437847;-0.125580;-0.125580;-0.125580;0.000000
0.340000;0.593105;0.576459;-0.002434;1.406895;1.423541;0.250668;0.250668;0.250668;0.000000
0.350000;0.607174;0.590624;-0.002481;1.392826;1.409376;0.618035;0.618035;0.618035;0.000000
0.360000;0.621102;0.604647;-0.002526;1.378898;1.395353;0.963509;0.963509;0.963509;0.000000
0.370000;0.634891;0.618531;-0.002570;1.365109;1.381469;1.274849;1.274849;1.274849;0.000000
0.380000;0.648542;0.632277;-0.002614;1.351458;1.367723;1.541027;1.541027;1.541027;0.000000
0.390000;0.662056;0.645886;-0.002656;1.337944;1.354114;1.752614;1.752614;1.752614;0.000000
0.400000;0.675436;0.659360;-0.002697;1.324564;1.340640;1.902114;1.902114;1.902114;0.000000
0.410000;0.688682;0.672699;-0.002736;1.311318;1.327301;1.984230;1.984230;1.984230;0.000000
0.420000;0.701795;0.685906;-0.002775;1.298205;1.314094;1.996053;1.996053;1.996053;0.000000
0.430000;0.714777;0.698982;-0.002813;1.285223;1.301018;1.937166;1.937166;1.937166;0.000000
0.440000;0.727629;0.711927;-0.002850;1.272371;1.288073;1.809653;1.809653;1.809653;0.000000
0.450000;0.740353;0.724744;-0.002885;1.259647;1.275256;1.618033;1.618033;1.618033;0.000000
0.460000;0.752949;0.737433;-0.002920;1.247051;1.262567;1.369093;1.369093;1.369093;0.000000
0.470000;0.765420;0.749995;-0.002954;1.234580;1.250005;1.071652;1.071652;1.071652;0.000000
0.480000;0.777766;0.762433;-0.002987;1.222234;1.237567;0.736247;0.736247;0.736247;-0.000000
0.490000;0.789988;0.774747;-0.003018;1.210012;1.225253;0.374761;0.374761;0.374761;-0.000000
0.500000;0.802088;0.786939;-0.003049;1.197912;1.213061;-0.000002;-0.000002;-0.000002;-0.000000
0.510000;0.814067;0.799009;-0.003079;1.185933;1.200991;-0.374765;-0.374765;-0.374765;-0.000000
0.520000;0.825926;0.810959;-0.003108;1.174074;1.189041;-0.736251;-0.736251;-0.736251;0.000000
0.530000;0.837667;0.822790;-0.003136;1.162333;1.177210;-1.071655;-1.071655;-1.071655;0.000000
0.540000;0.849291;0.834503;-0.003164;1.150709;1.165497;-1.369096;-1.369096;-1.369096;0.000000
0.550000;0.860798;0.846100;-0.003190;1.139202;1.153900;-1.618035;-1.618035;-1.618035;0.000000
0.560000;0.872190;0.857582;-0.003216;1.127810;1.142418;-1.809655;-1.809655;-1.809655;0.000000
0.570000;0.883468;0.868949;-0.003240;1.116532;1.131051;-1.937167;-1.937167;-1.937167;0.000000
0.580000;0.894633;0.880203;-0.003264;1.105367;1.119797;-1.996054;-1.996054;-1.996054;0.000000
0.590000;0.905687;0.891345;-0.003288;1.094313;1.108655;-1.984229;-1.984229;-1.984229;0.000000
0.600000;0.916630;0.902377;-0.003310;1.083370;1.097623;-1.902112;-1.902112;-1.902112;0.000000
0.610000;0.927464;0.913298;-0.003332;1.072536;1.086702;-1.752612;-1.752612;-1.752612;0.000000
0.620000;0.938189;0.924111;-0.003352;1.061811;1.075889;-1.541025;-1.541025;-1.541025;0.000000
0.630000;0.948807;0.934816;-0.003373;1.051193;1.065184;-1.274846;-1.274846;-1.274846;0.000000
0.640000;0.959319;0.945415;-0.003392;1.040681;1.054585;-0.963505;-0.963505;-0.963505;0.000000
0.650000;0.969726;0.955908;-0.003411;1.030274;1.044092;-0.618031;-0.618031;-0.618031;0.000000
0.660000;0.980029;0.966297;-0.003428;1.019971;1.033703;-0.250664;-0.250664;-0.250664;0.000000
0.670000;0.990228;0.976583;-0.003446;1.009772;1.023417;0.125584;0.125584;0.125584;0.000000
0.680000;1.000326;0.986766;-0.003462;0.999674;1.013234;0.497383;0.497383;0.497383;0.000000
0.690000;1.010323;0.996848;-0.003478;0.989677;1.003152;0.851561;0.851561;0.851561;0.000000
0.700000;1.020219;1.006829;-0.003493;0.979781;0.993171;1.175573;1.175573;1.175573;0.000000
0.710000;1.030017;1.016712;-0.003508;0.969983;0.983288;1.457939;1.457939;1.457939;0.000000
0.720000;1.039717;1.026495;-0.003522;0.960283;0.973505;1.688657;1.688657;1.688657;0.000000
0.730000;1.049320;1.036182;-0.003535;0.950680;0.963818;1.859554;1.859554;1.859554;0.000000
0.740000;1.058827;1.045772;-0.003548;0.941173;0.954228;1.964575;1.964575;1.964575;0.000000
0.750000;1.068238;1.055267;-0.003560;0.931762;0.944733;2.000000;2.000000;2.000000;0.000000
0.760000;1.077556;1.064667;-0.003571;0.922444;0.935333;1.964574;1.964574;1.964574;0.000000
0.770000;1.086781;1.073974;-0.003582;0.913219;0.926026;1.859552;1.859552;1.859552;0.000000
0.780000;1.095913;1.083188;-0.003593;0.904087;0.916812;1.688654;1.688654;1.688654;0.000000
0.790000;1.104954;1.092310;-0.003602;0.895046;0.907690;1.457935;1.457935;1.457935;0.000000
0.800000;1.113904;1.101342;-0.003612;0.886096;0.898658;1.175568;1.175568;1.175568;0.000000
0.810000;1.122765;1.110284;-0.003620;0.877235;0.889716;0.851556;0.851556;0.851556;0.000000
0.820000;1.131537;1.119137;-0.003628;0.868463;0.880863;0.497376;0.497376;0.497376;-0.000000
0.830000;1.140222;1.127901;-0.003636;0.859778;0.872099;0.125578;0.125578;0.125578;-0.000000
0.840000;1.148820;1.136579;-0.003643;0.851180;0.863421;-0.250670;-0.250670;-0.250670;-0.000000
0.850000;1.157332;1.145170;-0.003650;0.842668;0.854830;-0.618037;-0.618037;-0.618037;0.000000
0.860000;1.165758;1.153676;-0.003656;0.834242;0.846324;-0.963510;-0.963510;-0.963510;0.000000
0.870000;1.174101;1.162097;-0.003661;0.825899;0.837903;-1.274851;-1.274851;-1.274851;0.000000
0.880000;1.182360;1.170434;-0.003666;0.817640;0.829566;-1.541029;-1.541029;-1.541029;0.000000
0.890000;1.190536;1.178688;-0.003671;0.809464;0.821312;-1.752615;-1.752615;-1.752615;0.000000
0.900000;1.198631;1.186861;-0.003675;0.801369;0.813139;-1.902114;-1.902114;-1.902114;0.000000
0.910000;1.206644;1.194952;-0.003679;0.793356;0.805048;-1.984230;-1.984230;-1.984230;0.000000
0.920000;1.214578;1.202962;-0.003682;0.785422;0.797038;-1.996053;-1.996053;-1.996053;0.000000
0.930000;1.222432;1.210893;-0.003685;0.777568;0.789107;-1.937165;-1.937165;-1.937165;0.000000
0.940000;1.230208;1.218744;-0.003688;0.769792;0.781256;-1.809652;-1.809652;-1.809652;0.000000
0.950000;1.237906;1.226518;-0.003690;0.762094;0.773482;-1.618032;-1.618032;-1.618032;0.000000
0.960000;1.245527;1.234214;-0.003692;0.754473;0.765786;-1.369091;-1.369091;-1.369091;0.000000
0.970000;1.253071;1.241834;-0.003693;0.746929;0.758166;-1.071650;-1.071650;-1.071650;0.000000
0.980000;1.260541;1.249378;-0.003694;0.739459;0.750622;-0.736245;-0.736245;-0.736245;0.000000
0.990000;1.267935;1.256847;-0.003694;0.732065;0.743153;-0.374759;-0.374759;-0.374759;0.000000
1.000000;1.275256;1.264241;-0.003694;0.724744;0.735759;0.000004;0.000004;0.000004;0.000000
1.010000;1.282503;1.271562;-0.003694;0.717497;0.728438;0.374767;0.374767;0.374767;0.000000
1.020000;1.289678;1.278810;-0.003693;0.710322;0.721190;0.736253;0.736253;0.736253;0.000000
1.030000;1.296782;1.285986;-0.003692;0.703218;0.714014;1.071657;1.071657;1.071657;0.000000
1.040000;1.303814;1.293091;-0.003691;0.696186;0.706909;1.369097;1.369097;1.369097;0.000000
1.050000;1.310776;1.300125;-0.003689;0.689224;0.699875;1.618037;1.618037;1.618037;0.000000
1.060000;1.317668;1.307088;-0.003687;0.682332;0.692912;1.809656;1.809656;1.809656;0.000000
1.070000;1.324491;1.313983;-0.003685;0.675509;0.686017;1.937167;1.937167;1.937167;0.000000
1.080000;1.331246;1.320809;-0.003682;0.668754;0.679191;1.996054;1.996054;1.996054;0.000000
1.090000;1.337934;1.327567;-0.003679;0.662066;0.672433;1.984229;1.984229;1.984229;0.000000
1.100000;1.344554;1.334258;-0.003676;0.655446;0.665742;1.902112;1.902112;1.902112;0.000000
1.110000;1.351109;1.340882;-0.003672;0.648891;0.659118;1.752611;1.752611;1.752611;0.000000
1.120000;1.357598;1.347440;-0.003669;0.642402;0.652560;1.541024;1.541024;1.541024;0.000000
1.130000;1.364022;1.353933;-0.003664;0.635978;0.646067;1.274844;1.274844;1.274844;0.000000
1.140000;1.370382;1.360362;-0.003660;0.629618;0.639638;0.963503;0.963503;0.963503;0.000000
1.150000;1.376678;1.366726;-0.003655;0.623322;0.633274;0.618029;0.618029;0.618029;0.000000
1.160000;1.382911;1.373028;-0.003650;0.617089;0.626972;0.250662;0.250662;0.250662;-0.000000
1.170000;1.389082;1.379266;-0.003645;0.610918;0.620734;-0.125586;-0.125586;-0.125586;-0.000000
1.180000;1.395191;1.385443;-0.003639;0.604809;0.614557;-0.497385;-0.497385;-0.497385;-0.000000
1.190000;1.401239;1.391557;-0.003634;0.598761;0.608443;-0.851563;-0.851563;-0.851563;-0.000000
1.200000;1.407227;1.397612;-0.003628;0.592773;0.602388;-1.175575;-1.175575;-1.175575;0.000000
1.210000;1.413155;1.403605;-0.003621;0.586845;0.596395;-1.457941;-1.457941;-1.457941;0.000000
1.220000;1.419023;1.409540;-0.003615;0.580977;0.590460;-1.688659;-1.688659;-1.688659;0.000000
1.230000;1.424833;1.415415;-0.003608;0.575167;0.584585;-1.859555;-1.859555;-1.859555;0.000000
1.240000;1.430584;1.421232;-0.003601;0.569416;0.578768;-1.964575;-1.964575;-1.964575;0.000000
1.250000;1.436279;1.426990;-0.003594;0.563721;0.573010;-2.000000;-2.000000;-2.000000;0.000000
1.260000;1.441916;1.432692;-0.003587;0.558084;0.567308;-1.964574;-1.964574;-1.964574;0.000000
1.270000;1.447497;1.438337;-0.003579;0.552503;0.561663;-1.859551;-1.859551;-1.859551;0.000000
1.280000;1.453022;1.443925;-0.003571;0.546978;0.556075;-1.688653;-1.688653;-1.688653;0.000000
1.290000;1.458491;1.449458;-0.003563;0.541509;0.550542;-1.457934;-1.457934;-1.457934;0.000000
1.300000;1.463907;1.454936;-0.003555;0.536093;0.545064;-1.175566;-1.175566;-1.175566;0.000000
1.310000;1.469268;1.460360;-0.003547;0.530732;0.539640;-0.851554;-0.851554;-0.851554;0.000000
1.320000;1.474575;1.465729;-0.003538;0.525425;0.534271;-0.497374;-0.497374;-0.497374;0.000000
1.330000;1.479829;1.471045;-0.003529;0.520171;0.528955;-0.125576;-0.125576;-0.125576;0.000000
1.340000;1.485031;1.476309;-0.003520;0.514969;0.523691;0.250672;0.250672;0.250672;0.000000
1.350000;1.490180;1.481519;-0.003511;0.509820;0.518481;0.618039;0.618039;0.618039;0.000000
1.360000;1.495279;1.486678;-0.003502;0.504721;0.513322;0.963512;0.963512;0.963512;0.000000
1.370000;1.500326;1.491786;-0.003493;0.499674;0.508214;1.274852;1.274852;1.274852;0.000000
1.380000;1.505323;1.496843;-0.003483;0.494677;0.503157;1.541030;1.541030;1.541030;0.000000
1.390000;1.510269;1.501849;-0.003473;0.489731;0.498151;1.752616;1.752616;1.752616;0.000000
1.400000;1.515167;1.506806;-0.003463;0.484833;0.493194;1.902115;1.902115;1.902115;0.000000
1.410000;1.520015;1.511713;-0.003453;0.479985;0.488287;1.984230;1.984230;1.984230;0.000000
1.420000;1.524815;1.516572;-0.003443;0.475185;0.483428;1.996053;1.996053;1.996053;0.000000
1.430000;1.529567;1.521382;-0.003433;0.470433;0.478618;1.937165;1.937165;1.937165;0.000000
1.440000;1.534271;1.526144;-0.003422;0.465729;0.473856;1.809652;1.809652;1.809652;0.000000
1.450000;1.538928;1.530859;-0.003412;0.461072;0.469141;1.618030;1.618030;1.618030;0.000000
1.460000;1.543539;1.535527;-0.003401;0.456461;0.464473;1.369090;1.369090;1.369090;0.000000
1.470000;1.548104;1.540149;-0.003390;0.451896;0.459851;1.071648;1.071648;1.071648;0.000000
1.480000;1.552623;1.544725;-0.003379;0.447377;0.455275;0.736243;0.736243;0.736243;-0.000000
1.490000;1.557096;1.549255;-0.003368;0.442904;0.450745;0.374757;0.374757;0.374757;-0.000000
1.500000;1.561525;1.553740;-0.003357;0.438475;0.446260;-0.000006;-0.000006;-0.000006;-0.000000
1.510000;1.565910;1.558180;-0.003345;0.434090;0.441820;-0.374769;-0.374769;-0.374769;-0.000000
1.520000;1.570251;1.562576;-0.003334;0.429749;0.437424;-0.736255;-0.736255;-0.736255;0.000000
1.530000;1.574549;1.566929;-0.003322;0.425451;0.433071;-1.071659;-1.071659;-1.071659;0.000000
1.540000;1.578803;1.571238;-0.003311;0.421197;0.428762;-1.369099;-1.369099;-1.369099;0.000000
1.550000;1.583015;1.575504;-0.003299;0.416985;0.424496;-1.618038;-1.618038;-1.618038;0.000000
1.560000;1.587185;1.579728;-0.003287;0.412815;0.420272;-1.809657;-1.809657;-1.809657;0.000000
1.570000;1.591313;1.583910;-0.003275;0.408687;0.416090;-1.937168;-1.937168;-1.937168;0.000000
1.580000;1.595400;1.588050;-0.003263;0.404600;0.411950;-1.996054;-1.996054;-1.996054;0.000000
1.590000;1.599446;1.592149;-0.003251;0.400554;0.407851;-1.984229;-1.984229;-1.984229;0.000000
1.600000;1.603451;1.596207;-0.003239;0.396549;0.403793;-1.902111;-1.902111;-1.902111;0.000000
1.610000;1.607417;1.600225;-0.003227;0.392583;0.399775;-1.752610;-1.752610;-1.752610;0.000000
1.620000;1.611343;1.604203;-0.003214;0.388657;0.395797;-1.541022;-1.541022;-1.541022;0.000000
1.630000;1.615229;1.608141;-0.003202;0.384771;0.391859;-1.274843;-1.274843;-1.274843;0.000000
1.640000;1.619077;1.612040;-0.003189;0.380923;0.387960;-0.963501;-0.963501;-0.963501;0.000000
1.650000;1.622886;1.615900;-0.003177;0.377114;0.384100;-0.618027;-0.618027;-0.618027;0.000000
1.660000;1.626657;1.619722;-0.003164;0.373343;0.380278;-0.250660;-0.250660;-0.250660;0.000000
1.670000;1.630391;1.623506;-0.003152;0.369609;0.376494;0.125588;0.125588;0.125588;0.000000
1.680000;1.634087;1.627252;-0.003139;0.365913;0.372748;0.497387;0.497387;0.497387;0.000000
1.690000;1.637746;1.630961;-0.003126;0.362254;0.369039;0.851565;0.851565;0.851565;0.000000
1.700000;1.641369;1.634633;-0.003113;0.358631;0.365367;1.175576;1.175576;1.175576;0.000000
1.710000;1.644955;1.638268;-0.003100;0.355045;0.361732;1.457942;1.457942;1.457942;0.000000
1.720000;1.648505;1.641868;-0.003087;0.351495;0.358132;1.688660;1.688660;1.688660;0.000000
1.730000;1.652020;1.645431;-0.003074;0.347980;0.354569;1.859556;1.859556;1.859556;0.000000
1.740000;1.655500;1.648959;-0.003061;0.344500;0.351041;1.964576;1.964576;1.964576;0.000000
1.750000;1.658945;1.652452;-0.003048;0.341055;0.347548;2.000000;2.000000;2.000000;0.000000
1.760000;1.662356;1.655910;-0.003035;0.337644;0.344090;1.964573;1.964573;1.964573;0.000000
1.770000;1.665732;1.659334;-0.003022;0.334268;0.340666;1.859550;1.859550;1.859550;0.000000
1.780000;1.669075;1.662724;-0.003008;0.330925;0.337276;1.688652;1.688652;1.688652;0.000000
1.790000;1.672384;1.666080;-0.002995;0.327616;0.333920;1.457932;1.457932;1.457932;0.000000
1.800000;1.675660;1.669402;-0.002982;0.324340;0.330598;1.175564;1.175564;1.175564;0.000000
1.810000;1.678904;1.672692;-0.002968;0.321096;0.327308;0.851552;0.851552;0.851552;0.000000
1.820000;1.682115;1.675948;-0.002955;0.317885;0.324052;0.497372;0.497372;0.497372;-0.000000
1.830000;1.685293;1.679173;-0.002942;0.314707;0.320827;0.125573;0.125573;0.125573;-0.000000
1.840000;1.688441;1.682365;-0.002928;0.311559;0.317635;-0.250674;-0.250674;-0.250674;-0.000000
1.850000;1.691556;1.685526;-0.002915;0.308444;0.314474;-0.618041;-0.618041;-0.618041;0.000000
1.860000;1.694641;1.688655;-0.002901;0.305359;0.311345;-0.963514;-0.963514;-0.963514;0.000000
1.870000;1.697694;1.691753;-0.002888;0.302306;0.308247;-1.274854;-1.274854;-1.274854;0.000000
1.880000;1.700717;1.694820;-0.002874;0.299283;0.305180;-1.541031;-1.541031;-1.541031;0.000000
1.890000;1.703710;1.697856;-0.002861;0.296290;0.302144;-1.752617;-1.752617;-1.752617;0.000000
1.900000;1.706673;1.700863;-0.002847;0.293327;0.299137;-1.902115;-1.902115;-1.902115;0.000000
1.910000;1.709606;1.703839;-0.002834;0.290394;0.296161;-1.984230;-1.984230;-1.984230;0.000000
1.920000;1.712510;1.706786;-0.002820;0.287490;0.293214;-1.996053;-1.996053;-1.996053;0.000000
1.930000;1.715385;1.709704;-0.002807;0.284615;0.290296;-1.937164;-1.937164;-1.937164;0.000000
1.940000;1.718231;1.712592;-0.002793;0.281769;0.287408;-1.809651;-1.809651;-1.809651;0.000000
1.950000;1.721049;1.715452;-0.002779;0.278951;0.284548;-1.618029;-1.618029;-1.618029;0.000000
1.960000;1.723838;1.718283;-0.002766;0.276162;0.281717;-1.369088;-1.369088;-1.369088;0.000000
1.970000;1.726600;1.721086;-0.002752;0.273400;0.278914;-1.071647;-1.071647;-1.071647;0.000000
1.980000;1.729334;1.723862;-0.002738;0.270666;0.276138;-0.736241;-0.736241;-0.736241;0.000000
1.990000;1.732041;1.726609;-0.002725;0.267959;0.273391;-0.374755;-0.374755;-0.374755;0.000000
2.000000;1.734720;1.729329;-0.002711;0.265280;0.270671;0.000008;0.000008;0.000008;0.000000
2.010000;1.737373;1.732023;-0.002698;0.262627;0.267977;0.374771;0.374771;0.374771;0.000000
2.020000;1.739999;1.734689;-0.002684;0.260001;0.265311;0.736257;0.736257;0.736257;0.000000
2.030000;1.742599;1.737329;-0.002670;0.257401;0.262671;1.071661;1.071661;1.071661;0.000000
2.040000;1.745173;1.739943;-0.002657;0.254827;0.260057;1.369100;1.369100;1.369100;0.000000
2.050000;1.747722;1.742530;-0.002643;0.252278;0.257470;1.618039;1.618039;1.618039;0.000000
2.060000;1.750244;1.745092;-0.002630;0.249756;0.254908;1.809658;1.809658;1.809658;0.000000
2.070000;1.752742;1.747628;-0.002616;0.247258;0.252372;1.937168;1.937168;1.937168;0.000000
2.080000;1.755215;1.750140;-0.002602;0.244785;0.249860;1.996054;1.996054;1.996054;0.000000
2.090000;1.757662;1.752626;-0.002589;0.242338;0.247374;1.984228;1.984228;1.984228;0.000000
2.100000;1.760086;1.755087;-0.002575;0.239914;0.244913;1.902110;1.902110;1.902110;0.000000
2.110000;1.762485;1.757524;-0.002562;0.237515;0.242476;1.752609;1.752609;1.752609;0.000000
2.120000;1.764860;1.759937;-0.002548;0.235140;0.240063;1.541021;1.541021;1.541021;0.000000
2.130000;1.767211;1.762325;-0.002535;0.232789;0.237675;1.274841;1.274841;1.274841;0.000000
2.140000;1.769539;1.764690;-0.002521;0.230461;0.235310;0.963500;0.963500;0.963500;0.000000
2.150000;1.771844;1.767032;-0.002508;0.228156;0.232968;0.618025;0.618025;0.618025;-0.000000
2.160000;1.774125;1.769350;-0.002494;0.225875;0.230650;0.250658;0.250658;0.250658;-0.000000
2.170000;1.776384;1.771645;-0.002481;0.223616;0.228355;-0.125590;-0.125590;-0.125590;-0.000000
2.180000;1.778620;1.773917;-0.002467;0.221380;0.226083;-0.497389;-0.497389;-0.497389;-0.000000
2.190000;1.780834;1.776167;-0.002454;0.219166;0.223833;-0.851567;-0.851567;-0.851567;-0.000000
2.200000;1.783026;1.778394;-0.002441;0.216974;0.221606;-1.175578;-1.175578;-1.175578;0.000000
2.210000;1.785196;1.780599;-0.002427;0.214804;0.219401;-1.457944;-1.457944;-1.457944;0.000000
2.220000;1.787344;1.782782;-0.002414;0.212656;0.217218;-1.688661;-1.688661;-1.688661;0.000000
2.230000;1.789470;1.784943;-0.002400;0.210530;0.215057;-1.859556;-1.859556;-1.859556;0.000000
2.240000;1.791575;1.787083;-0.002387;0.208425;0.212917;-1.964576;-1.964576;-1.964576;0.000000
2.250000;1.793660;1.789202;-0.002374;0.206340;0.210798;-2.000000;-2.000000;-2.000000;0.000000
2.260000;1.795723;1.791299;-0.002361;0.204277;0.208701;-1.964573;-1.964573;-1.964573;0.000000
2.270000;1.797766;1.793376;-0.002348;0.202234;0.206624;-1.859549;-1.859549;-1.859549;0.000000
2.280000;1.799788;1.795432;-0.002334;0.200212;0.204568;-1.688651;-1.688651;-1.688651;0.000000
2.290000;1.801790;1.797467;-0.002321;0.198210;0.202533;-1.457931;-1.457931;-1.457931;0.000000
2.300000;1.803772;1.799482;-0.002308;0.196228;0.200518;-1.175563;-1.175563;-1.175563;0.000000
2.310000;1.805735;1.801477;-0.002295;0.194265;0.198523;-0.851550;-0.851550;-0.851550;0.000000
2.320000;1.807677;1.803453;-0.002282;0.192323;0.196547;-0.497370;-0.497370;-0.497370;0.000000
2.330000;1.809601;1.805409;-0.002269;0.190399;0.194591;-0.125571;-0.125571;-0.125571;0.000000
2.340000;1.811505;1.807345;-0.002256;0.188495;0.192655;0.250676;0.250676;0.250676;0.000000
2.350000;1.813390;1.809262;-0.002243;0.186610;0.190738;0.618043;0.618043;0.618043;0.000000
2.360000;1.815256;1.811160;-0.002230;0.184744;0.188840;0.963516;0.963516;0.963516;0.000000
2.370000;1.817103;1.813039;-0.002217;0.182897;0.186961;1.274856;1.274856;1.274856;0.000000
2.380000;1.818932;1.814899;-0.002204;0.181068;0.185101;1.541033;1.541033;1.541033;0.000000
2.390000;1.820743;1.816741;-0.002191;0.179257;0.183259;1.752618;1.752618;1.752618;0.000000
2.400000;1.822535;1.818564;-0.002179;0.177465;0.181436;1.902116;1.902116;1.902116;0.000000
2.410000;1.824310;1.820369;-0.002166;0.175690;0.179631;1.984231;1.984231;1.984231;0.000000
2.420000;1.826067;1.822157;-0.002153;0.173933;0.177843;1.996053;1.996053;1.996053;0.000000
2.430000;1.827806;1.823926;-0.002141;0.172194;0.176074;1.937164;1.937164;1.937164;0.000000
2.440000;1.829528;1.825678;-0.002128;0.170472;0.174322;1.809650;1.809650;1.809650;0.000000
2.450000;1.831233;1.827413;-0.002115;0.168767;0.172587;1.618028;1.618028;1.618028;0.000000
2.460000;1.832921;1.829130;-0.002103;0.167079;0.170870;1.369087;1.369087;1.369087;0.000000
2.470000;1.834591;1.830830;-0.002090;0.165409;0.169170;1.071645;1.071645;1.071645;0.000000
2.480000;1.836245;1.832514;-0.002078;0.163755;0.167486;0.736240;0.736240;0.736240;-0.000000
2.490000;1.837883;1.834180;-0.002065;0.162117;0.165820;0.374752;0.374752;0.374752;-0.000000
2.500000;1.839504;1.835830;-0.002053;0.160496;0.164170;-0.000010;-0.000010;-0.000010;-0.000000
2.510000;1.841109;1.837464;-0.002041;0.158891;0.162536;-0.374773;-0.374773;-0.374773;-0.000000
2.520000;1.842698;1.839081;-0.002028;0.157302;0.160919;-0.736259;-0.736259;-0.736259;0.000000
2.530000;1.844271;1.840682;-0.002016;0.155729;0.159318;-1.071662;-1.071662;-1.071662;0.000000
2.540000;1.845828;1.842267;-0.002004;0.154172;0.157733;-1.369102;-1.369102;-1.369102;0.000000
2.550000;1.847370;1.843837;-0.001992;0.152630;0.156163;-1.618040;-1.618040;-1.618040;0.000000
2.560000;1.848896;1.845391;-0.001980;0.151104;0.154609;-1.809659;-1.809659;-1.809659;0.000000
2.570000;1.850407;1.846929;-0.001967;0.149593;0.153071;-1.937169;-1.937169;-1.937169;0.000000
2.580000;1.851903;1.848452;-0.001955;0.148097;0.151548;-1.996054;-1.996054;-1.996054;0.000000
2.590000;1.853384;1.849960;-0.001943;0.146616;0.150040;-1.984228;-1.984228;-1.984228;0.000000
2.600000;1.854850;1.851453;-0.001931;0.145150;0.148547;-1.902110;-1.902110;-1.902110;0.000000
2.610000;1.856302;1.852931;-0.001920;0.143698;0.147069;-1.752608;-1.752608;-1.752608;0.000000
2.620000;1.857739;1.854394;-0.001908;0.142261;0.145606;-1.541020;-1.541020;-1.541020;0.000000
2.630000;1.859162;1.855843;-0.001896;0.140838;0.144157;-1.274840;-1.274840;-1.274840;0.000000
2.640000;1.860570;1.857277;-0.001884;0.139430;0.142723;-0.963498;-0.963498;-0.963498;0.000000
2.650000;1.861964;1.858698;-0.001872;0.138036;0.141302;-0.618024;-0.618024;-0.618024;0.000000
2.660000;1.863345;1.860104;-0.001861;0.136655;0.139896;-0.250655;-0.250655;-0.250655;0.000000
2.670000;1.864711;1.861496;-0.001849;0.135289;0.138504;0.125592;0.125592;0.125592;0.000000
2.680000;1.866064;1.862874;-0.001837;0.133936;0.137126;0.497391;0.497391;0.497391;0.000000
2.690000;1.867403;1.864238;-0.001826;0.132597;0.135762;0.851569;0.851569;0.851569;0.000000
2.700000;1.868729;1.865589;-0.001814;0.131271;0.134411;1.175580;1.175580;1.175580;0.000000
2.710000;1.870042;1.866926;-0.001803;0.129958;0.133074;1.457945;1.457945;1.457945;0.000000
2.720000;1.871342;1.868250;-0.001792;0.128658;0.131750;1.688662;1.688662;1.688662;0.000000
2.730000;1.872628;1.869561;-0.001780;0.127372;0.130439;1.859557;1.859557;1.859557;0.000000
2.740000;1.873902;1.870859;-0.001769;0.126098;0.129141;1.964577;1.964577;1.964577;0.000000
2.750000;1.875163;1.872144;-0.001758;0.124837;0.127856;2.000000;2.000000;2.000000;0.000000
2.760000;1.876411;1.873416;-0.001746;0.123589;0.126584;1.964572;1.964572;1.964572;0.000000
2.770000;1.877647;1.874676;-0.001735;0.122353;0.125324;1.859549;1.859549;1.859549;0.000000
2.780000;1.878871;1.875923;-0.001724;0.121129;0.124077;1.688650;1.688650;1.688650;0.000000
2.790000;1.880082;1.877158;-0.001713;0.119918;0.122842;1.457929;1.457929;1.457929;0.000000
2.800000;1.881281;1.878380;-0.001702;0.118719;0.121620;1.175561;1.175561;1.175561;0.000000
2.810000;1.882468;1.879590;-0.001691;0.117532;0.120410;0.851548;0.851548;0.851548;-0.000000
2.820000;1.883644;1.880788;-0.001680;0.116356;0.119212;0.497368;0.497368;0.497368;-0.000000
2.830000;1.884807;1.881974;-0.001669;0.115193;0.118026;0.125569;0.125569;0.125569;-0.000000
2.840000;1.885959;1.883149;-0.001659;0.114041;0.116851;-0.250678;-0.250678;-0.250678;-0.000000
2.850000;1.887100;1.884311;-0.001648;0.112900;0.115689;-0.618045;-0.618045;-0.618045;0.000000
2.860000;1.888229;1.885462;-0.001637;0.111771;0.114538;-0.963518;-0.963518;-0.963518;0.000000
2.870000;1.889346;1.886602;-0.001626;0.110654;0.113398;-1.274857;-1.274857;-1.274857;0.000000
2.880000;1.890453;1.887730;-0.001616;0.109547;0.112270;-1.541034;-1.541034;-1.541034;0.000000
2.890000;1.891548;1.888848;-0.001605;0.108452;0.111152;-1.752619;-1.752619;-1.752619;0.000000
2.900000;1.892633;1.889954;-0.001595;0.107367;0.110046;-1.902117;-1.902117;-1.902117;0.000000
2.910000;1.893706;1.891049;-0.001584;0.106294;0.108951;-1.984231;-1.984231;-1.984231;0.000000
2.920000;1.894769;1.892133;-0.001574;0.105231;0.107867;-1.996053;-1.996053;-1.996053;0.000000
2.930000;1.895822;1.893206;-0.001563;0.104178;0.106794;-1.937163;-1.937163;-1.937163;0.000000
2.940000;1.896863;1.894269;-0.001553;0.103137;0.105731;-1.809649;-1.809649;-1.809649;0.000000
2.950000;1.897895;1.895321;-0.001543;0.102105;0.104679;-1.618027;-1.618027;-1.618027;0.000000
2.960000;1.898916;1.896362;-0.001533;0.101084;0.103638;-1.369085;-1.369085;-1.369085;0.000000
2.970000;1.899927;1.897393;-0.001523;0.100073;0.102607;-1.071643;-1.071643;-1.071643;0.000000
2.980000;1.900927;1.898414;-0.001512;0.099073;0.101586;-0.736238;-0.736238;-0.736238;0.000000
2.990000;1.901918;1.899425;-0.001502;0.098082;0.100575;-0.374750;-0.374750;-0.374750;0.000000
3.000000;1.902899;1.900426;-0.001492;0.097101;0.099574;0.000012;0.000012;0.000012;0.000000
3.010000;1.903870;1.901417;-0.001482;0.096130;0.098583;0.374775;0.374775;0.374775;0.000000
3.020000;1.904831;1.902398;-0.001472;0.095169;0.097602;0.736261;0.736261;0.736261;0.000000
3.030000;1.905783;1.903369;-0.001463;0.094217;0.096631;1.071664;1.071664;1.071664;0.000000
3.040000;1.906725;1.904330;-0.001453;0.093275;0.095670;1.369103;1.369103;1.369103;0.000000
3.050000;1.907658;1.905282;-0.001443;0.092342;0.094718;1.618041;1.618041;1.618041;0.000000
3.060000;1.908581;1.906225;-0.001433;0.091419;0.093775;1.809660;1.809660;1.809660;0.000000
3.070000;1.909496;1.907158;-0.001424;0.090504;0.092842;1.937169;1.937169;1.937169;0.000000
3.080000;1.910401;1.908081;-0.001414;0.089599;0.091919;1.996054;1.996054;1.996054;0.000000
3.090000;1.911297;1.908996;-0.001405;0.088703;0.091004;1.984228;1.984228;1.984228;0.000000
3.100000;1.912184;1.909902;-0.001395;0.087816;0.090098;1.902109;1.902109;1.902109;0.000000
3.110000;1.913062;1.910798;-0.001386;0.086938;0.089202;1.752607;1.752607;1.752607;0.000000
3.120000;1.913931;1.911686;-0.001376;0.086069;0.088314;1.541018;1.541018;1.541018;0.000000
3.130000;1.914792;1.912564;-0.001367;0.085208;0.087436;1.274838;1.274838;1.274838;0.000000
3.140000;1.915644;1.913434;-0.001357;0.084356;0.086566;0.963496;0.963496;0.963496;-0.000000
3.150000;1.916487;1.914296;-0.001348;0.083513;0.085704;0.618022;0.618022;0.618022;-0.000000
3.160000;1.917323;1.915149;-0.001339;0.082677;0.084851;0.250653;0.250653;0.250653;-0.000000
3.170000;1.918149;1.915993;-0.001330;0.081851;0.084007;-0.125594;-0.125594;-0.125594;-0.000000
3.180000;1.918968;1.916829;-0.001321;0.081032;0.083171;-0.497393;-0.497393;-0.497393;-0.000000
3.190000;1.919778;1.917656;-0.001312;0.080222;0.082344;-0.851571;-0.851571;-0.851571;0.000000
3.200000;1.920580;1.918476;-0.001303;0.079420;0.081524;-1.175581;-1.175581;-1.175581;0.000000
3.210000;1.921375;1.919287;-0.001294;0.078625;0.080713;-1.457946;-1.457946;-1.457946;0.000000
3.220000;1.922161;1.920090;-0.001285;0.077839;0.079910;-1.688663;-1.688663;-1.688663;0.000000
3.230000;1.922939;1.920885;-0.001276;0.077061;0.079115;-1.859558;-1.859558;-1.859558;0.000000
3.240000;1.923710;1.921672;-0.001267;0.076290;0.078328;-1.964577;-1.964577;-1.964577;0.000000
3.250000;1.924473;1.922452;-0.001258;0.075527;0.077548;-2.000000;-2.000000;-2.000000;0.000000
3.260000;1.925228;1.923223;-0.001250;0.074772;0.076777;-1.964572;-1.964572;-1.964572;0.000000
3.270000;1.925976;1.923987;-0.001241;0.074024;0.076013;-1.859548;-1.859548;-1.859548;0.000000
3.280000;1.926716;1.924743;-0.001232;0.073284;0.075257;-1.688649;-1.688649;-1.688649;0.000000
3.290000;1.927449;1.925492;-0.001224;0.072551;0.074508;-1.457928;-1.457928;-1.457928;0.000000
3.300000;1.928174;1.926234;-0.001215;0.071826;0.073766;-1.175559;-1.175559;-1.175559;0.000000
3.310000;1.928893;1.926968;-0.001207;0.071107;0.073032;-0.851546;-0.851546;-0.851546;0.000000
3.320000;1.929604;1.927694;-0.001198;0.070396;0.072306;-0.497366;-0.497366;-0.497366;0.000000
3.330000;1.930308;1.928414;-0.001190;0.069692;0.071586;-0.125567;-0.125567;-0.125567;0.000000
3.340000;1.931005;1.929126;-0.001182;0.068995;0.070874;0.250680;0.250680;0.250680;0.000000
3.350000;1.931695;1.929831;-0.001173;0.068305;0.070169;0.618047;0.618047;0.618047;0.000000
3.360000;1.932378;1.930529;-0.001165;0.067622;0.069471;0.963520;0.963520;0.963520;0.000000
3.370000;1.933054;1.931221;-0.001157;0.066946;0.068779;1.274859;1.274859;1.274859;0.000000
3.380000;1.933723;1.931905;-0.001149;0.066277;0.068095;1.541035;1.541035;1.541035;0.000000
3.390000;1.934386;1.932583;-0.001141;0.065614;0.067417;1.752620;1.752620;1.752620;0.000000
3.400000;1.935042;1.933253;-0.001133;0.064958;0.066747;1.902117;1.902117;1.902117;0.000000
3.410000;1.935692;1.933918;-0.001125;0.064308;0.066082;1.984231;1.984231;1.984231;0.000000
3.420000;1.936335;1.934575;-0.001117;0.063665;0.065425;1.996053;1.996053;1.996053;0.000000
3.430000;1.936972;1.935226;-0.001109;0.063028;0.064774;1.937163;1.937163;1.937163;0.000000
3.440000;1.937602;1.935871;-0.001101;0.062398;0.064129;1.809648;1.809648;1.809648;0.000000
3.450000;1.938226;1.936509;-0.001093;0.061774;0.063491;1.618026;1.618026;1.618026;0.000000
3.460000;1.938844;1.937140;-0.001085;0.061156;0.062860;1.369084;1.369084;1.369084;0.000000
3.470000;1.939455;1.937766;-0.001078;0.060545;0.062234;1.071641;1.071641;1.071641;0.000000
3.480000;1.940061;1.938385;-0.001070;0.059939;0.061615;0.736236;0.736236;0.736236;0.000000
3.490000;1.940660;1.938998;-0.001062;0.059340;0.061002;0.374748;0.374748;0.374748;-0.000000
3.500000;1.941253;1.939605;-0.001055;0.058747;0.060395;-0.000015;-0.000015;-0.000015;-0.000000
3.510000;1.941841;1.940206;-0.001047;0.058159;0.059794;-0.374777;-0.374777;-0.374777;-0.000000
3.520000;1.942422;1.940801;-0.001040;0.057578;0.059199;-0.736263;-0.736263;-0.736263;0.000000
3.530000;1.942998;1.941390;-0.001032;0.057002;0.058610;-1.071666;-1.071666;-1.071666;0.000000
3.540000;1.943568;1.941973;-0.001025;0.056432;0.058027;-1.369105;-1.369105;-1.369105;0.000000
3.550000;1.944132;1.942551;-0.001017;0.055868;0.057449;-1.618043;-1.618043;-1.618043;0.000000
3.560000;1.944691;1.943122;-0.001010;0.055309;0.056878;-1.809660;-1.809660;-1.809660;0.000000
3.570000;1.945244;1.943688;-0.001003;0.054756;0.056312;-1.937170;-1.937170;-1.937170;0.000000
3.580000;1.945792;1.944249;-0.000996;0.054208;0.055751;-1.996054;-1.996054;-1.996054;0.000000
3.590000;1.946334;1.944803;-0.000988;0.053666;0.055197;-1.984228;-1.984228;-1.984228;0.000000
3.600000;1.946871;1.945353;-0.000981;0.053129;0.054647;-1.902108;-1.902108;-1.902108;0.000000
3.610000;1.947402;1.945896;-0.000974;0.052598;0.054104;-1.752606;-1.752606;-1.752606;0.000000
3.620000;1.947928;1.946435;-0.000967;0.052072;0.053565;-1.541017;-1.541017;-1.541017;0.000000
3.630000;1.948449;1.946968;-0.000960;0.051551;0.053032;-1.274836;-1.274836;-1.274836;0.000000
3.640000;1.948964;1.947495;-0.000953;0.051036;0.052505;-0.963494;-0.963494;-0.963494;0.000000
3.650000;1.949474;1.948018;-0.000946;0.050526;0.051982;-0.618020;-0.618020;-0.618020;0.000000
3.660000;1.949980;1.948535;-0.000939;0.050020;0.051465;-0.250651;-0.250651;-0.250651;0.000000
3.670000;1.950480;1.949047;-0.000933;0.049520;0.050953;0.125596;0.125596;0.125596;0.000000
3.680000;1.950975;1.949554;-0.000926;0.049025;0.050446;0.497395;0.497395;0.497395;0.000000
3.690000;1.951465;1.950056;-0.000919;0.048535;0.049944;0.851572;0.851572;0.851572;0.000000
3.700000;1.951951;1.950553;-0.000912;0.048049;0.049447;1.175583;1.175583;1.175583;0.000000
3.710000;1.952431;1.951045;-0.000906;0.047569;0.048955;1.457948;1.457948;1.457948;0.000000
3.720000;1.952907;1.951532;-0.000899;0.047093;0.048468;1.688664;1.688664;1.688664;0.000000
3.730000;1.953378;1.952014;-0.000893;0.046622;0.047986;1.859559;1.859559;1.859559;0.000000
3.740000;1.953844;1.952492;-0.000886;0.046156;0.047508;1.964577;1.964577;1.964577;0.000000
3.750000;1.954306;1.952965;-0.000880;0.045694;0.047035;2.000000;2.000000;2.000000;0.000000
3.760000;1.954763;1.953433;-0.000873;0.045237;0.046567;1.964572;1.964572;1.964572;0.000000
3.770000;1.955215;1.953896;-0.000867;0.044785;0.046104;1.859547;1.859547;1.859547;0.000000
3.780000;1.955663;1.954355;-0.000860;0.044337;0.045645;1.688647;1.688647;1.688647;0.000000
3.790000;1.956106;1.954809;-0.000854;0.043894;0.045191;1.457926;1.457926;1.457926;0.000000
3.800000;1.956545;1.955258;-0.000848;0.043455;0.044742;1.175558;1.175558;1.175558;0.000000
3.810000;1.956980;1.955704;-0.000841;0.043020;0.044296;0.851544;0.851544;0.851544;0.000000
3.820000;1.957410;1.956144;-0.000835;0.042590;0.043856;0.497364;0.497364;0.497364;-0.000000
3.830000;1.957836;1.956581;-0.000829;0.042164;0.043419;0.125565;0.125565;0.125565;-0.000000
3.840000;1.958257;1.957013;-0.000823;0.041743;0.042987;-0.250682;-0.250682;-0.250682;-0.000000
3.850000;1.958675;1.957441;-0.000817;0.041325;0.042559;-0.618049;-0.618049;-0.618049;-0.000000
3.860000;1.959088;1.957864;-0.000811;0.040912;0.042136;-0.963521;-0.963521;-0.963521;0.000000
3.870000;1.959497;1.958283;-0.000805;0.040503;0.041717;-1.274860;-1.274860;-1.274860;0.000000
3.880000;1.959902;1.958698;-0.000799;0.040098;0.041302;-1.541037;-1.541037;-1.541037;0.000000
3.890000;1.960303;1.959109;-0.000793;0.039697;0.040891;-1.752621;-1.752621;-1.752621;0.000000
3.900000;1.960700;1.959516;-0.000787;0.039300;0.040484;-1.902118;-1.902118;-1.902118;0.000000
3.910000;1.961093;1.959919;-0.000781;0.038907;0.040081;-1.984231;-1.984231;-1.984231;0.000000
3.920000;1.961482;1.960318;-0.000775;0.038518;0.039682;-1.996052;-1.996052;-1.996052;0.000000
3.930000;1.961867;1.960713;-0.000770;0.038133;0.039287;-1.937162;-1.937162;-1.937162;0.000000
3.940000;1.962249;1.961104;-0.000764;0.037751;0.038896;-1.809647;-1.809647;-1.809647;0.000000
3.950000;1.962626;1.961491;-0.000758;0.037374;0.038509;-1.618024;-1.618024;-1.618024;0.000000
3.960000;1.963000;1.961874;-0.000752;0.037000;0.038126;-1.369082;-1.369082;-1.369082;0.000000
3.970000;1.963370;1.962253;-0.000747;0.036630;0.037747;-1.071640;-1.071640;-1.071640;0.000000
3.980000;1.963736;1.962629;-0.000741;0.036264;0.037371;-0.736234;-0.736234;-0.736234;0.000000
3.990000;1.964099;1.963001;-0.000736;0.035901;0.036999;-0.374746;-0.374746;-0.374746;0.000000
4.000000;1.964458;1.963369;-0.000730;0.035542;0.036631;0.000017;0.000017;0.000017;0.000000
4.010000;1.964813;1.963733;-0.000725;0.035187;0.036267;0.374779;0.374779;0.374779;0.000000
4.020000;1.965165;1.964094;-0.000719;0.034835;0.035906;0.736265;0.736265;0.736265;0.000000
4.030000;1.965514;1.964451;-0.000714;0.034486;0.035549;1.071668;1.071668;1.071668;0.000000
4.040000;1.965858;1.964805;-0.000708;0.034142;0.035195;1.369106;1.369106;1.369106;0.000000
4.050000;1.966200;1.965155;-0.000703;0.033800;0.034845;1.618044;1.618044;1.618044;0.000000
4.060000;1.966538;1.965502;-0.000698;0.033462;0.034498;1.809661;1.809661;1.809661;0.000000
4.070000;1.966872;1.965845;-0.000693;0.033128;0.034155;1.937171;1.937171;1.937171;0.000000
4.080000;1.967204;1.966185;-0.000687;0.032796;0.033815;1.996055;1.996055;1.996055;0.000000
4.090000;1.967532;1.966522;-0.000682;0.032468;0.033478;1.984227;1.984227;1.984227;0.000000
4.100000;1.967856;1.966855;-0.000677;0.032144;0.033145;1.902108;1.902108;1.902108;0.000000
4.110000;1.968178;1.967184;-0.000672;0.031822;0.032816;1.752605;1.752605;1.752605;0.000000
4.120000;1.968496;1.967511;-0.000667;0.031504;0.032489;1.541016;1.541016;1.541016;0.000000
4.130000;1.968811;1.967834;-0.000662;0.031189;0.032166;1.274835;1.274835;1.274835;0.000000
4.140000;1.969123;1.968154;-0.000657;0.030877;0.031846;0.963492;0.963492;0.963492;0.000000
4.150000;1.969432;1.968471;-0.000652;0.030568;0.031529;0.618018;0.618018;0.618018;-0.000000
4.160000;1.969737;1.968785;-0.000647;0.030263;0.031215;0.250649;0.250649;0.250649;-0.000000
4.170000;1.970040;1.969095;-0.000642;0.029960;0.030905;-0.125598;-0.125598;-0.125598;-0.000000
4.180000;1.970340;1.969403;-0.000637;0.029660;0.030597;-0.497397;-0.497397;-0.497397;-0.000000
4.190000;1.970636;1.969707;-0.000632;0.029364;0.030293;-0.851574;-0.851574;-0.851574;-0.000000
4.200000;1.970930;1.970009;-0.000627;0.029070;0.029991;-1.175585;-1.175585;-1.175585;0.000000
4.210000;1.971221;1.970307;-0.000623;0.028779;0.029693;-1.457949;-1.457949;-1.457949;0.000000
4.220000;1.971508;1.970603;-0.000618;0.028492;0.029397;-1.688665;-1.688665;-1.688665;0.000000
4.230000;1.971793;1.970895;-0.000613;0.028207;0.029105;-1.859559;-1.859559;-1.859559;0.000000
4.240000;1.972075;1.971185;-0.000608;0.027925;0.028815;-1.964578;-1.964578;-1.964578;0.000000
4.250000;1.972355;1.971472;-0.000604;0.027645;0.028528;-2.000000;-2.000000;-2.000000;0.000000
4.260000;1.972631;1.971755;-0.000599;0.027369;0.028245;-1.964571;-1.964571;-1.964571;0.000000
4.270000;1.972905;1.972036;-0.000595;0.027095;0.027964;-1.859546;-1.859546;-1.859546;0.000000
4.280000;1.973176;1.972315;-0.000590;0.026824;0.027685;-1.688646;-1.688646;-1.688646;0.000000
4.290000;1.973444;1.972590;-0.000586;0.026556;0.027410;-1.457925;-1.457925;-1.457925;0.000000
4.300000;1.973709;1.972863;-0.000581;0.026291;0.027137;-1.175556;-1.175556;-1.175556;0.000000
4.310000;1.973972;1.973133;-0.000577;0.026028;0.026867;-0.851542;-0.851542;-0.851542;0.000000
4.320000;1.974233;1.973400;-0.000572;0.025767;0.026600;-0.497362;-0.497362;-0.497362;0.000000
4.330000;1.974490;1.973665;-0.000568;0.025510;0.026335;-0.125563;-0.125563;-0.125563;0.000000
4.340000;1.974745;1.973927;-0.000563;0.025255;0.026073;0.250684;0.250684;0.250684;0.000000
4.350000;1.974998;1.974186;-0.000559;0.025002;0.025814;0.618051;0.618051;0.618051;0.000000
4.360000;1.975248;1.974443;-0.000555;0.024752;0.025557;0.963523;0.963523;0.963523;0.000000
4.370000;1.975496;1.974698;-0.000550;0.024504;0.025302;1.274862;1.274862;1.274862;0.000000
4.380000;1.975741;1.974949;-0.000546;0.024259;0.025051;1.541038;1.541038;1.541038;0.000000
4.390000;1.975983;1.975199;-0.000542;0.024017;0.024801;1.752622;1.752622;1.752622;0.000000
4.400000;1.976223;1.975445;-0.000538;0.023777;0.024555;1.902119;1.902119;1.902119;0.000000
4.410000;1.976461;1.975690;-0.000534;0.023539;0.024310;1.984232;1.984232;1.984232;0.000000
4.420000;1.976696;1.975932;-0.000530;0.023304;0.024068;1.996052;1.996052;1.996052;0.000000
4.430000;1.976930;1.976171;-0.000525;0.023070;0.023829;1.937162;1.937162;1.937162;0.000000
4.440000;1.977160;1.976408;-0.000521;0.022840;0.023592;1.809646;1.809646;1.809646;0.000000
4.450000;1.977389;1.976643;-0.000517;0.022611;0.023357;1.618023;1.618023;1.618023;0.000000
4.460000;1.977615;1.976875;-0.000513;0.022385;0.023125;1.369081;1.369081;1.369081;0.000000
4.470000;1.977839;1.977105;-0.000509;0.022161;0.022895;1.071638;1.071638;1.071638;0.000000
4.480000;1.978060;1.977333;-0.000505;0.021940;0.022667;0.736232;0.736232;0.736232;-0.000000
4.490000;1.978280;1.977559;-0.000502;0.021720;0.022441;0.374744;0.374744;0.374744;-0.000000
4.500000;1.978497;1.977782;-0.000498;0.021503;0.022218;-0.000019;-0.000019;-0.000019;-0.000000
4.510000;1.978712;1.978003;-0.000494;0.021288;0.021997;-0.374781;-0.374781;-0.374781;-0.000000
4.520000;1.978925;1.978222;-0.000490;0.021075;0.021778;-0.736267;-0.736267;-0.736267;-0.000000
4.530000;1.979135;1.978439;-0.000486;0.020865;0.021561;-1.071669;-1.071669;-1.071669;0.000000
4.540000;1.979344;1.978653;-0.000482;0.020656;0.021347;-1.369108;-1.369108;-1.369108;0.000000
4.550000;1.979551;1.978866;-0.000479;0.020449;0.021134;-1.618045;-1.618045;-1.618045;0.000000
4.560000;1.979755;1.979076;-0.000475;0.020245;0.020924;-1.809662;-1.809662;-1.809662;0.000000
4.570000;1.979958;1.979284;-0.000471;0.020042;0.020716;-1.937171;-1.937171;-1.937171;0.000000
4.580000;1.980158;1.979490;-0.000467;0.019842;0.020510;-1.996055;-1.996055;-1.996055;0.000000
4.590000;1.980356;1.979694;-0.000464;0.019644;0.020306;-1.984227;-1.984227;-1.984227;0.000000
4.600000;1.980553;1.979896;-0.000460;0.019447;0.020104;-1.902107;-1.902107;-1.902107;0.000000
4.610000;1.980747;1.980096;-0.000457;0.019253;0.019904;-1.752604;-1.752604;-1.752604;0.000000
4.620000;1.980940;1.980294;-0.000453;0.019060;0.019706;-1.541014;-1.541014;-1.541014;0.000000
4.630000;1.981131;1.980490;-0.000449;0.018869;0.019510;-1.274833;-1.274833;-1.274833;0.000000
4.640000;1.981319;1.980685;-0.000446;0.018681;0.019315;-0.963490;-0.963490;-0.963490;0.000000
4.650000;1.981506;1.980877;-0.000442;0.018494;0.019123;-0.618016;-0.618016;-0.618016;0.000000
4.660000;1.981691;1.981067;-0.000439;0.018309;0.018933;-0.250647;-0.250647;-0.250647;0.000000
4.670000;1.981874;1.981255;-0.000435;0.018126;0.018745;0.125600;0.125600;0.125600;0.000000
4.680000;1.982055;1.981442;-0.000432;0.017945;0.018558;0.497399;0.497399;0.497399;0.000000
4.690000;1.982235;1.981627;-0.000429;0.017765;0.018373;0.851576;0.851576;0.851576;0.000000
4.700000;1.982412;1.981809;-0.000425;0.017588;0.018191;1.175586;1.175586;1.175586;0.000000
4.710000;1.982588;1.981990;-0.000422;0.017412;0.018010;1.457951;1.457951;1.457951;0.000000
4.720000;1.982762;1.982170;-0.000419;0.017238;0.017830;1.688666;1.688666;1.688666;0.000000
4.730000;1.982935;1.982347;-0.000415;0.017065;0.017653;1.859560;1.859560;1.859560;0.000000
4.740000;1.983105;1.982523;-0.000412;0.016895;0.017477;1.964578;1.964578;1.964578;0.000000
4.750000;1.983274;1.982697;-0.000409;0.016726;0.017303;2.000000;2.000000;2.000000;0.000000
4.760000;1.983442;1.982869;-0.000406;0.016558;0.017131;1.964571;1.964571;1.964571;0.000000
4.770000;1.983607;1.983039;-0.000402;0.016393;0.016961;1.859546;1.859546;1.859546;0.000000
4.780000;1.983771;1.983208;-0.000399;0.016229;0.016792;1.688645;1.688645;1.688645;0.000000
4.790000;1.983933;1.983375;-0.000396;0.016067;0.016625;1.457924;1.457924;1.457924;0.000000
4.800000;1.984094;1.983541;-0.000393;0.015906;0.016459;1.175554;1.175554;1.175554;0.000000
4.810000;1.984253;1.983704;-0.000390;0.015747;0.016296;0.851540;0.851540;0.851540;0.000000
4.820000;1.984411;1.983866;-0.000387;0.015589;0.016134;0.497360;0.497360;0.497360;-0.000000
4.830000;1.984567;1.984027;-0.000384;0.015433;0.015973;0.125561;0.125561;0.125561;-0.000000
4.840000;1.984721;1.984186;-0.000381;0.015279;0.015814;-0.250686;-0.250686;-0.250686;-0.000000
4.850000;1.984874;1.984343;-0.000378;0.015126;0.015657;-0.618053;-0.618053;-0.618053;0.000000
4.860000;1.985025;1.984499;-0.000375;0.014975;0.015501;-0.963525;-0.963525;-0.963525;0.000000
4.870000;1.985175;1.984653;-0.000372;0.014825;0.015347;-1.274864;-1.274864;-1.274864;0.000000
4.880000;1.985323;1.984806;-0.000369;0.014677;0.015194;-1.541039;-1.541039;-1.541039;0.000000
4.890000;1.985470;1.984957;-0.000366;0.014530;0.015043;-1.752623;-1.752623;-1.752623;0.000000
4.900000;1.985615;1.985107;-0.000363;0.014385;0.014893;-1.902119;-1.902119;-1.902119;0.000000
4.910000;1.985759;1.985255;-0.000360;0.014241;0.014745;-1.984232;-1.984232;-1.984232;0.000000
4.920000;1.985901;1.985402;-0.000357;0.014099;0.014598;-1.996052;-1.996052;-1.996052;0.000000
4.930000;1.986042;1.985547;-0.000354;0.013958;0.014453;-1.937161;-1.937161;-1.937161;0.000000
4.940000;1.986182;1.985691;-0.000351;0.013818;0.014309;-1.809645;-1.809645;-1.809645;0.000000
4.950000;1.986320;1.985833;-0.000349;0.013680;0.014167;-1.618022;-1.618022;-1.618022;0.000000
4.960000;1.986457;1.985974;-0.000346;0.013543;0.014026;-1.369079;-1.369079;-1.369079;0.000000
4.970000;1.986592;1.986114;-0.000343;0.013408;0.013886;-1.071636;-1.071636;-1.071636;0.000000
4.980000;1.986726;1.986252;-0.000340;0.013274;0.013748;-0.736230;-0.736230;-0.736230;0.000000
4.990000;1.986859;1.986389;-0.000338;0.013141;0.013611;-0.374742;-0.374742;-0.374742;0.000000
5.000000;1.986990;1.986524;-0.000335;0.013010;0.013476;0.000021;0.000021;0.000021;0.000000
